INSERT INTO movie_park.halls (hall_id,place_id,is_vip) VALUES 
(101,101,false)
,(101,102,false)
,(101,103,false)
,(101,104,false)
,(101,105,false)
,(101,106,false)
,(101,107,false)
,(101,108,false)
,(101,109,false)
,(102,101,false)
,(102,102,false)
,(102,103,false)
,(102,104,false)
,(102,105,false)
,(102,201,false)
,(102,202,false)
,(102,203,false)
,(102,204,false)
,(102,205,false)
,(201,101,false)
,(201,102,false)
,(201,103,false)
,(201,201,false)
,(201,202,false)
,(201,203,false)
,(202,101,false)
,(202,102,false)
,(202,103,false)
,(202,104,false)
,(202,105,false)
,(202,106,false)
,(202,107,false)
,(202,201,false)
,(202,202,false)
,(202,203,false)
,(202,204,false)
,(202,205,false)
,(202,206,false)
,(202,207,false);

INSERT INTO movie_park.movies (id,name) VALUES
(1,'Movie1')
,(2,'Movie2');

INSERT INTO movie_park.movie_parks (id,name) VALUES
(1,'CinemaPark1')
,(2,'CinemaPark2');

INSERT INTO movie_park.main_schedule (seance_date,start_time,end_time,movie_park_id,movie_id,hall_id,base_price,vip_price) VALUES
('2030-01-01','08:00:00','09:50:00',1,1,101,100,200)
,('2030-01-01','10:50:00','12:40:00',1,1,101,100,200)
,('2030-01-01','13:40:00','15:30:00',1,1,101,150,250)
,('2030-01-01','16:30:00','18:20:00',1,1,101,150,250)
,('2030-01-01','19:20:00','21:10:00',1,1,101,200,300)
,('2030-01-01','22:10:00','00:00:00',1,1,101,200,300)
,('2030-01-02','01:00:00','02:50:00',1,1,101,200,300)
,('2030-01-01','10:00:00','11:50:00',1,1,102,100,200)
,('2030-01-01','13:20:00','15:10:00',1,1,102,150,250)
,('2030-01-01','16:40:00','18:30:00',1,1,102,150,250)
,('2030-01-01','20:00:00','21:50:00',1,1,102,200,300)
,('2030-01-01','23:20:00','01:10:00',1,1,102,200,300)
,('2030-01-01','09:00:00','10:50:00',2,1,201,100,200)
,('2030-01-01','12:20:00','14:10:00',2,1,201,150,250)
,('2030-01-01','15:40:00','17:30:00',2,1,201,150,250)
,('2030-01-01','19:00:00','20:50:00',2,1,201,200,300)
,('2030-01-01','22:20:00','00:10:00',2,1,201,200,300)
,('2030-01-01','08:00:00','09:50:00',2,1,202,150,250)
,('2030-01-01','11:50:00','13:40:00',2,1,202,150,250)
,('2030-01-01','15:40:00','17:30:00',2,1,202,150,250)
,('2030-01-01','19:30:00','21:20:00',2,1,202,200,300)
,('2030-01-01','23:20:00','01:10:00',2,1,202,200,300)
,('2030-01-02','08:00:00','09:50:00',1,2,101,100,200)
,('2030-01-02','10:50:00','12:40:00',1,2,101,100,200)
,('2030-01-02','13:40:00','15:30:00',1,2,101,150,250)
,('2030-01-02','16:30:00','18:20:00',1,2,101,150,250)
,('2030-01-02','19:20:00','21:10:00',1,2,101,200,300)
,('2030-01-02','22:10:00','00:00:00',1,2,101,200,300)
,('2030-01-03','01:00:00','02:50:00',1,2,101,200,300)
,('2030-01-02','10:00:00','11:50:00',1,2,102,100,200)
,('2030-01-02','13:20:00','15:10:00',1,1,102,150,250)
,('2030-01-02','16:40:00','18:30:00',1,2,102,150,250)
,('2030-01-02','20:00:00','21:50:00',1,2,102,200,300)
,('2030-01-02','23:20:00','01:10:00',1,1,102,200,300)
,('2030-01-02','09:00:00','10:50:00',2,1,201,100,200)
,('2030-01-02','12:20:00','14:10:00',2,1,201,150,250)
,('2030-01-02','15:40:00','17:30:00',2,2,201,150,250)
,('2030-01-02','19:00:00','20:50:00',2,2,201,200,300)
,('2030-01-02','22:20:00','00:10:00',2,1,201,200,300)
,('2030-01-02','08:00:00','09:50:00',2,2,202,150,250)
,('2030-01-02','11:50:00','13:40:00',2,2,202,150,250)
,('2030-01-02','15:40:00','17:30:00',2,2,202,150,250)
,('2030-01-02','19:30:00','21:20:00',2,2,202,200,300)
,('2030-01-02','23:20:00','01:10:00',2,1,202,200,300)
,('2030-01-03','08:00:00','09:50:00',1,2,101,100,200)
,('2030-01-03','10:50:00','12:40:00',1,1,101,100,200)
,('2030-01-03','13:40:00','15:30:00',1,1,101,150,250)
,('2030-01-03','16:30:00','18:20:00',1,2,101,150,250)
,('2030-01-03','19:20:00','21:10:00',1,2,101,200,300)
,('2030-01-03','22:10:00','00:00:00',1,2,101,200,300)
,('2030-01-04','01:00:00','02:50:00',1,1,101,200,300)
,('2030-01-03','10:00:00','11:50:00',1,1,102,100,200)
,('2030-01-03','13:20:00','15:10:00',1,2,102,150,250)
,('2030-01-03','16:40:00','18:30:00',1,2,102,150,250)
,('2030-01-03','20:00:00','21:50:00',1,1,102,200,300)
,('2030-01-03','23:20:00','01:10:00',1,1,102,200,300)
,('2030-01-03','09:00:00','10:50:00',2,1,201,100,200)
,('2030-01-03','12:20:00','14:10:00',2,1,201,150,250)
,('2030-01-03','15:40:00','17:30:00',2,1,201,150,250)
,('2030-01-03','19:00:00','20:50:00',2,1,201,200,300)
,('2030-01-03','22:20:00','00:10:00',2,2,201,200,300)
,('2030-01-03','08:00:00','09:50:00',2,2,202,150,250)
,('2030-01-03','11:50:00','13:40:00',2,2,202,150,250)
,('2030-01-03','15:40:00','17:30:00',2,1,202,150,250)
,('2030-01-03','19:30:00','21:20:00',2,1,202,200,300)
,('2030-01-03','23:20:00','01:10:00',2,2,202,200,300)
,('2030-01-04','08:00:00','09:50:00',1,2,101,100,200)
,('2030-01-04','10:50:00','12:40:00',1,2,101,100,200)
,('2030-01-04','13:40:00','15:30:00',1,2,101,150,250)
,('2030-01-04','16:30:00','18:20:00',1,2,101,150,250)
,('2030-01-04','19:20:00','21:10:00',1,2,101,200,300)
,('2030-01-04','22:10:00','00:00:00',1,2,101,200,300)
,('2030-01-05','01:00:00','02:50:00',1,2,101,200,300)
,('2030-01-04','10:00:00','11:50:00',1,2,102,100,200)
,('2030-01-04','13:20:00','15:10:00',1,2,102,150,250)
,('2030-01-04','16:40:00','18:30:00',1,2,102,150,250)
,('2030-01-04','20:00:00','21:50:00',1,2,102,200,300)
,('2030-01-04','23:20:00','01:10:00',1,2,102,200,300)
,('2030-01-04','09:00:00','10:50:00',2,2,201,100,200)
,('2030-01-04','12:20:00','14:10:00',2,2,201,150,250)
,('2030-01-04','15:40:00','17:30:00',2,2,201,150,250)
,('2030-01-04','19:00:00','20:50:00',2,2,201,200,300)
,('2030-01-04','22:20:00','00:10:00',2,2,201,200,300)
,('2030-01-04','08:00:00','09:50:00',2,2,202,150,250)
,('2030-01-04','11:50:00','13:40:00',2,2,202,150,250)
,('2030-01-04','15:40:00','17:30:00',2,2,202,150,250)
,('2030-01-04','19:30:00','21:20:00',2,2,202,200,300)
,('2030-01-04','23:20:00','01:10:00',2,2,202,200,300);

INSERT into movie_park.seances_places
    (
        select main_schedule.seance_id,
               halls.place_id,
               false as "blocked"
        from movie_park.main_schedule
	         inner join movie_park.halls
                on main_schedule.hall_id = halls.hall_id
        where main_schedule.seance_date <= '2030-01-05'
        order by seance_id, place_id
    );